S,B,is_validation,status,latency,memory,energy,predicted_memory,free_bytes_before,energy_repeats,power_samples,energy_loop_latency,energy_method,error
256,8,0,OK,0.0051674230000031685,48331264,0.20528585757271822,58713600.0,15527116800,997,0,0.003009136638916753,nvml_counter,
224,229,1,OK,0.09390276900001027,1193376256,6.446125000000009,1199946576.0,15476785152,32,0,0.09441353084375059,nvml_counter,
384,256,0,OK,0.2919785689999941,3383237120,19.89227272727269,3930917248.0,15476785152,11,0,0.2956265130909101,nvml_counter,
256,32,0,OK,0.010984379500030172,222468608,0.7373481481481509,222374784.0,15476785152,270,0,0.011134920477777794,nvml_counter,
272,4,1,OK,0.0015472895000243625,32803328,0.12034458259325082,34951104.0,15476785152,1689,0,0.0017772372427471658,nvml_counter,
368,33,1,OK,0.025740302000002657,552761856,1.770310344827584,469049616.0,15476785152,116,0,0.025864986534483003,nvml_counter,
112,64,1,OK,0.00488143549998199,67271168,0.32902427184466093,87874944.0,15476785152,618,0,0.004860363784789655,nvml_counter,
64,16,0,OK,0.0006912799999838626,18447360,0.0431918039712717,11031168.0,15476785152,4734,0,0.0006337137788339618,nvml_counter,
256,252,1,OK,0.13546982700000854,1673624064,9.263954545454537,1722602304.0,15476785152,22,0,0.1363971517272737,nvml_counter,
224,64,0,OK,0.01841661999998223,334854656,1.2714937499999963,338353536.0,15476785152,160,0,0.018785716787500205,nvml_counter,
512,128,0,OK,0.2831634025000085,3091298816,19.560090909090913,3494265216.0,15476785152,11,0,0.28757384118181956,nvml_counter,
128,229,1,OK,0.034393492500015554,398334464,2.327885057471273,395156304.0,15476785152,87,0,0.03463483197701104,nvml_counter,
256,229,1,OK,0.13697909349997417,1552513536,9.134909090909126,1565760336.0,15476785152,22,0,0.13761159481818327,nvml_counter,
272,2,1,OK,0.0007549974999960796,22999552,0.06814216867469863,19555488.0,15476785152,2905,0,0.001032838246815826,nvml_counter,
272,32,1,OK,0.014921875999988288,233150976,1.0053499999999986,250489728.0,15476785152,200,0,0.015006418570000051,nvml_counter,
32,33,1,OK,0.000639646500019353,15337984,0.044449626044874464,7788816.0,15476785152,4546,0,0.0006600402677078785,nvml_counter,
32,16,0,OK,0.0004667020000113098,13793792,0.032947861178369814,5919360.0,15476785152,6195,0,0.0004843187451170373,nvml_counter,
64,32,0,OK,0.0008925570000144489,22379008,0.06919895652173917,17902464.0,15476785152,2875,0,0.0010435199401739263,nvml_counter,
448,33,1,OK,0.04515253200000302,780794368,3.0309242424242586,693090576.0,15476785152,66,0,0.045514665772727045,nvml_counter,
272,64,1,OK,0.03129350999998337,450337280,2.0819999999999936,496819584.0,15476785152,96,0,0.031559317885416625,nvml_counter,
112,2,1,OK,0.0005712195000171505,23331328,0.03895639534883745,6775968.0,15476785152,5160,0,0.0005814827879844891,nvml_counter,
512,64,0,OK,0.1065029395000181,1552546304,6.839344827586219,1749212544.0,15476785152,29,0,0.10672276193103526,nvml_counter,
448,4,1,OK,0.005484104999993633,67271168,0.3483526220614814,87666624.0,15476785152,553,0,0.005425185638336341,nvml_counter,
272,8,1,OK,0.004278858499986882,52926976,0.26838544474393505,65742336.0,15476785152,742,0,0.0040434064097034554,nvml_counter,
384,128,0,OK,0.1822147389999884,1698789888,11.69899999999999,1967538560.0,15476785152,17,0,0.18117580870588265,nvml_counter,
368,2,1,OK,0.0016597564999756287,31097344,0.12778460543337664,32335008.0,15476785152,1546,0,0.0019411239430789135,nvml_counter,
512,33,1,OK,0.05831495150002297,1027701248,3.829019230769238,903952656.0,15476785152,52,0,0.058194596019230986,nvml_counter,
64,4,0,OK,0.0005068940000114708,23853568,0.03662794918330303,5877696.0,15476785152,5510,0,0.0005445483519056321,nvml_counter,
368,4,1,OK,0.003869187000020702,49515008,0.24022436670687652,60510144.0,15476785152,829,0,0.0036202434439083176,nvml_counter,
512,16,0,OK,0.025918861500002777,398684672,1.7057692307692214,440423040.0,15476785152,117,0,0.025792349948717964,nvml_counter,
112,4,1,OK,0.0005920524999964982,17648640,0.040661603888213535,9392064.0,15476785152,4938,0,0.0006076013965168157,nvml_counter,
64,2,0,OK,0.0005004820000351629,22723072,0.036487484242751625,5018784.0,15476785152,5553,0,0.0005402860257518536,nvml_counter,
256,128,0,OK,0.08109073949998447,847682048,5.2676052631579395,877019520.0,15476785152,38,0,0.07993581757894742,nvml_counter,
112,33,1,OK,0.002934998999990057,41200128,0.19306353861192652,47325456.0,15476785152,1023,0,0.0029334334252199765,nvml_counter,
448,2,1,OK,0.002644366999987824,40598016,0.1713006300630051,45913248.0,15476785152,1111,0,0.0027006006525652684,nvml_counter,
512,1,0,OK,0.0015174509999837937,30505472,0.11499710648148156,31426320.0,15476785152,1728,0,0.001737077925347221,nvml_counter,
64,33,1,OK,0.0008569414999897162,22772224,0.06925172039116252,18331920.0,15476785152,2761,0,0.0010867453770373099,nvml_counter,
224,128,0,OK,0.06368385950000288,654408192,4.162312500000023,672547200.0,15476785152,48,0,0.0634337780416665,nvml_counter,
448,256,1,OK,0.5156690499999854,4671412736,34.33750000000024,5348592000.0,15476785152,6,0,0.5182506226666703,nvml_counter,
128,252,1,OK,0.04060873500000639,429300224,2.666746666666683,434426688.0,15476785152,75,0,0.04032390230666654,nvml_counter,
384,2,0,OK,0.0016948109999930239,32733696,0.13112828947368574,34837664.0,15476785152,1520,0,0.0019747293184210354,nvml_counter,
368,256,1,OK,0.3607472529999711,3273398784,23.614777777777718,3610577280.0,15476785152,9,0,0.3623600530000001,nvml_counter,
224,16,0,OK,0.00602632700000072,67271168,0.3782594696969723,87708288.0,15476785152,528,0,0.005683649073863616,nvml_counter,
368,16,1,OK,0.014500678500013464,219593216,0.9676893203883542,229560960.0,15476785152,206,0,0.014603881927184465,nvml_counter,
32,1,0,OK,0.0005719614999861733,17713664,0.032076965568035194,4269840.0,15476785152,5431,0,0.0005523864621616706,nvml_counter,
368,252,1,OK,0.3556057794999674,3252849152,23.611222222222246,3554227008.0,15476785152,9,0,0.35519326811110985,nvml_counter,
64,229,1,OK,0.010790727999989258,124131328,0.7162401433691826,102505296.0,15476785152,279,0,0.010770871827956994,nvml_counter,
256,33,1,OK,0.014974840000007816,292911616,0.9602437810945184,229194000.0,15476785152,201,0,0.014992512402985332,nvml_counter,
128,8,0,OK,0.0008781469999803448,22379008,0.07435199701381191,17819136.0,15476785152,2679,0,0.0011201703165360359,nvml_counter,
256,2,0,OK,0.0009279910000259406,22379008,0.06250427080037876,17798304.0,15476785152,3161,0,0.0009492841720974668,nvml_counter,
368,128,1,OK,0.17678597999997692,1643346432,11.799055555555444,1807368576.0,15476785152,18,0,0.1763044732222233,nvml_counter,
368,32,1,OK,0.0288873874999922,422758912,1.9216346153846364,454962048.0,15476785152,104,0,0.02889597702884627,nvml_counter,
32,2,0,OK,0.0004782620000582938,17824256,0.030968955321944918,4379808.0,15476785152,6088,0,0.0004928126961235226,nvml_counter,
256,256,0,OK,0.16207711549998294,1682012672,10.868315789473854,1749879168.0,15476785152,19,0,0.16198260952631627,nvml_counter,
32,32,0,OK,0.0006025289999342931,14907904,0.04451597268120671,7678848.0,15476785152,4539,0,0.0006610327290151941,nvml_counter,
128,33,1,OK,0.003738609500032908,49445376,0.23710095011876392,60504336.0,15476785152,842,0,0.003564315931116399,nvml_counter,
384,33,1,OK,0.03302312650004069,567403008,2.19439560439559,510343440.0,15476785152,91,0,0.03311299314285721,nvml_counter,
368,64,1,OK,0.05886253649998707,829487616,3.82857692307691,905764224.0,15476785152,52,0,0.058749560384613306,nvml_counter,
448,32,1,OK,0.040808690000005754,597805568,2.7364246575342217,672213888.0,15476785152,73,0,0.041400794123286726,nvml_counter,
128,2,0,OK,0.0005100734999814449,16743936,0.03500358422939063,7574688.0,15476785152,5580,0,0.0005376376500000103,nvml_counter,
64,64,0,OK,0.0015238484999713364,30505472,0.12013870381586816,31645056.0,15476785152,1651,0,0.0018173563270745252,nvml_counter,
512,4,0,OK,0.0068868454999346795,84244992,0.4490225225225266,113225664.0,15476785152,444,0,0.006767291362612659,nvml_counter,
32,4,0,OK,0.0006172309999783465,18045440,0.032326753612971215,4599744.0,15476785152,5674,0,0.0005287892270003594,nvml_counter,
512,256,0,OK,0.6366914244999862,6167992832,42.61579999999958,6984370560.0,15476785152,5,0,0.636385397999993,nvml_counter,
384,8,0,OK,0.008460725999952956,93420032,0.5206041666666673,126871040.0,15476785152,384,0,0.007814163721354165,nvml_counter,
256,4,0,OK,0.0015610399999559377,30505472,0.11582942555685789,31436736.0,15476785152,1706,0,0.0017591641559202924,nvml_counter,
384,252,1,OK,0.3602259580000009,3364362752,23.61988888888906,3869561664.0,15476785152,9,0,0.35959227277778105,nvml_counter,
448,229,1,OK,0.47323934000002055,4302043648,31.337285714285827,4784921424.0,15476785152,7,0,0.47213802457143367,nvml_counter,
384,16,0,OK,0.015113802500025031,226589184,1.0082676767676708,249582208.0,15476785152,198,0,0.01519989933333329,nvml_counter,
32,252,1,OK,0.004649158500001249,101628416,0.3058823529411798,31871808.0,15476785152,646,0,0.004648677481424084,nvml_counter,
448,8,1,OK,0.010893754499988972,122911232,0.7284051094890597,171173376.0,15476785152,274,0,0.010971553032846634,nvml_counter,
112,252,1,OK,0.037588917000050515,393677312,2.5020625000000107,333787968.0,15476785152,80,0,0.037796177537499885,nvml_counter,
448,128,1,OK,0.2568862314999478,2342738432,17.14316666666673,2676375936.0,15476785152,12,0,0.2562632997499937,nvml_counter,
32,256,0,OK,0.004697043000021495,102619648,0.30820904836193147,32311680.0,15476785152,641,0,0.004682025848673931,nvml_counter,
272,1,1,OK,0.0006866294999667844,19146240,0.04445368005572313,11857680.0,15476785152,4307,0,0.0006965980984443813,nvml_counter,
224,2,0,OK,0.0006229439999856368,20496384,0.053903171484702056,14603424.0,15476785152,3563,0,0.0008421076289643762,nvml_counter,
224,32,0,OK,0.011547760499979631,173623808,0.7632260536398651,171256704.0,15476785152,261,0,0.01149937464367798,nvml_counter,
512,8,0,OK,0.01397160049998547,155286016,0.9184838709677489,222291456.0,15476785152,217,0,0.013826968050691103,nvml_counter,
64,1,0,OK,0.0005121319999830121,22157824,0.03448504926945283,4589328.0,15476785152,5886,0,0.000509696179748556,nvml_counter,
256,64,0,OK,0.027519890500002475,430873088,1.813545454545502,440589696.0,15476785152,110,0,0.027328281245454698,nvml_counter,
112,229,1,OK,0.034554758500007665,366677504,2.30042528735635,303702864.0,15476785152,87,0,0.03455113767816083,nvml_counter,
256,1,0,OK,0.0008154175000072428,18448896,0.041509669369931924,10979088.0,15476785152,4809,0,0.0006239481678103482,nvml_counter,
128,32,0,OK,0.0036399504999735655,48331264,0.22764342857143077,58796928.0,15476785152,875,0,0.0034303082788571504,nvml_counter,
32,64,0,OK,0.0007464529999765546,17136128,0.06159515039901882,11197824.0,15476785152,3258,0,0.0009209140994475083,nvml_counter,
112,1,1,OK,0.0005931365000151345,22461952,0.04714414628354426,5467920.0,15476785152,4211,0,0.0007125302483970609,nvml_counter,
64,8,0,OK,0.000484220500027277,16743424,0.035528123357280214,7595520.0,15476785152,5707,0,0.0005256862197301393,nvml_counter,
448,16,1,OK,0.020831881499930205,306196992,1.3862569444444388,338186880.0,15476785152,144,0,0.020952209791666912,nvml_counter,
128,16,0,OK,0.0017493354999942312,30505472,0.11780250596658597,31478400.0,15476785152,1676,0,0.0017908133472553719,nvml_counter,
128,256,0,OK,0.040331178500025544,430873088,2.683026666666653,441256320.0,15476785152,75,0,0.040439374039998865,nvml_counter,
224,256,0,OK,0.1312753114999623,1291942400,8.4157391304347,1340934528.0,15476785152,23,0,0.13113523008695685,nvml_counter,
384,4,0,OK,0.0040170324999735385,52787712,0.24684919653892912,65515456.0,15476785152,809,0,0.003711270725587105,nvml_counter,
224,1,0,OK,0.0005757060000064484,17649664,0.03699113338473468,9381648.0,15476785152,5188,0,0.0005783323806861991,nvml_counter,
224,252,1,OK,0.13104705149999063,1283668480,8.690434782608898,1320047424.0,15476785152,23,0,0.1309365108260873,nvml_counter,
224,4,0,OK,0.0012633275000553112,26327552,0.09598252427184562,25046976.0,15476785152,2060,0,0.0014563948354368698,nvml_counter,
112,16,1,OK,0.0010427459999959865,26327552,0.09851094527363435,25088640.0,15476785152,2010,0,0.0014926733164179044,nvml_counter,
512,252,1,OK,0.6322193520000496,6130244096,41.135400000000665,6875304768.0,15476785152,5,0,0.6338784674000181,nvml_counter,
448,1,1,OK,0.001365904499948556,26327552,0.09527566265060247,25036560.0,15476785152,2075,0,0.0014464314819277052,nvml_counter,
368,229,1,OK,0.3264710285000092,3015910912,21.93469999999943,3230212944.0,15476785152,10,0,0.3267378054999995,nvml_counter,
512,229,1,OK,0.5901331794999578,5681281536,38.74016666666648,6248176464.0,15476785152,6,0,0.5884784698333382,nvml_counter,
112,32,1,OK,0.0033205715000121927,40598016,0.1890076263107724,46017408.0,15476785152,1049,0,0.0028611434842706644,nvml_counter,
256,16,0,OK,0.00669699800005219,118528512,0.44669798657717913,113267328.0,15476785152,447,0,0.0067237441700222856,nvml_counter,
224,33,1,OK,0.012705031499990582,227078656,0.8172499999999966,176478480.0,15476785152,236,0,0.012726042762711928,nvml_counter,
384,229,1,OK,0.336807376500019,3115450880,22.156777777777783,3516767056.0,15476785152,9,0,0.33486240599999445,nvml_counter,
272,256,1,OK,0.19241483749999588,1760918016,12.492999999999938,1974798720.0,15476785152,16,0,0.19214258118749683,nvml_counter,
384,1,0,OK,0.0007772359999762557,22968832,0.07079214285714312,19498768.0,15476785152,2800,0,0.0010716429303571269,nvml_counter,
112,128,1,OK,0.018452434499977244,204773888,1.227687116564402,171590016.0,15476785152,163,0,0.01842932902453982,nvml_counter,
32,128,0,OK,0.0024490265000736144,58292736,0.16482568807339162,18235776.0,15476785152,1199,0,0.002503975195162691,nvml_counter,
128,4,0,OK,0.0005358880000017052,18447872,0.0439142857142868,10989504.0,15476785152,4550,0,0.0006594580525274778,nvml_counter,
128,64,0,OK,0.006877981499997077,118528512,0.4529547511312179,113433984.0,15476785152,442,0,0.006797256997737662,nvml_counter,
368,1,1,OK,0.0007577640000135943,22772224,0.06706603454114285,18247440.0,15476785152,2953,0,0.001016005820182854,nvml_counter,
272,229,1,OK,0.1749364145000527,1621740032,11.468666666666346,1766957904.0,15476785152,18,0,0.17441991205555496,nvml_counter,
32,229,1,OK,0.004277731499996662,93177856,0.28081161473088423,29342544.0,15476785152,706,0,0.0042551933441926145,nvml_counter,
272,33,1,OK,0.017145127499929913,302744064,1.140880000000013,258187536.0,15476785152,175,0,0.017241136388571637,nvml_counter,
368,8,1,OK,0.007589681500007828,87333376,0.47783663366337153,116860416.0,15476785152,404,0,0.00743735076237624,nvml_counter,
128,1,0,OK,0.0006057200000668672,23017984,0.04321633694958594,5867280.0,15476785152,4701,0,0.0006382276902786775,nvml_counter,
112,256,1,OK,0.03791160299999774,395483648,2.5039999999999965,339020160.0,15476785152,80,0,0.03771836802499991,nvml_counter,
64,252,1,OK,0.011358596000036414,136411648,0.7516853932584161,112382784.0,15476785152,267,0,0.011246727382022259,nvml_counter,
272,16,1,OK,0.00785123250000197,123607552,0.5167345360824612,127324800.0,15476785152,388,0,0.007733234595360786,nvml_counter,
128,128,0,OK,0.019694873499986443,222468608,1.2998791946308772,222708096.0,15476785152,149,0,0.020160976013422722,nvml_counter,
512,2,0,OK,0.0034442630000626195,48331264,0.21446888888889387,58692768.0,15476785152,900,0,0.0033350461922222823,nvml_counter,
512,32,0,OK,0.052130524000062906,783305216,3.446137931034549,876686208.0,15476785152,58,0,0.05209092515517294,nvml_counter,
64,256,0,OK,0.01122799050000367,137222656,0.7544226415094564,114100608.0,15476785152,265,0,0.01135453273584903,nvml_counter,
384,64,0,OK,0.06056573900002604,856357376,3.989739999999874,985849216.0,15476785152,50,0,0.0605765782200001,nvml_counter,
448,64,1,OK,0.08405815100002201,1179449856,5.522000000000036,1340267904.0,15476785152,36,0,0.08495021161111065,nvml_counter,
272,128,1,OK,0.09572101949999023,886610432,6.231968750000078,989479296.0,15476785152,32,0,0.09560379565625254,nvml_counter,
224,8,0,OK,0.0030776895000599325,40598016,0.17963162790697615,45934080.0,15476785152,1075,0,0.0027929638623255563,nvml_counter,
384,32,0,OK,0.030071249000059197,435210752,1.9971199999999953,495004544.0,15476785152,100,0,0.03028687773999991,nvml_counter,
272,252,1,OK,0.1903464915000086,1749883392,12.46743749999996,1944007488.0,15476785152,16,0,0.18994889087500155,nvml_counter,
32,8,0,OK,0.0005483525000613554,18487808,0.03496741491672632,5039616.0,15476785152,5524,0,0.0005431324487690074,nvml_counter,
64,128,0,OK,0.005935786500003815,75594240,0.37885037878787087,59130240.0,15476785152,528,0,0.005688265079545441,nvml_counter,
448,252,1,OK,0.514933830499956,4642904576,34.320000000000924,5265085248.0,15476785152,6,0,0.5137267258333319,nvml_counter,
112,8,1,OK,0.0008320555000409513,19741184,0.060785601014906196,14624256.0,15476785152,3153,0,0.0009516575861084278,nvml_counter,
